K	Dades	Ins Salts	Ins Temps	Cer Temps	Cer Temps T	Cer Temps !T	Salts REALS	Salts MITJANA
0	2	1945832	0.015	1.241	0.048	0.609		
1	2	1946539	0.024	22.476	0.068	21.823	707	717.00
2	2	1947170	0.033	14.126	0.086	13.41	631	688.33
3	2	1947733	0.046	9.527	0.072	8.779	563	695.67
4	2	1948366	0.027	7.375	0.071	6.647	633	648.67
5	2	1949005	0.037	6.325	0.057	5.571	639	722.00
6	2	1949491	0.033	5.794	0.078	5.061	486	646.67
7	2	1950277	0.04	25.541	0.074	24.758	786	717.00
8	2	1950873	0.041	7.094	0.076	6.379	596	688.33
9	2	1951635	0.028	9.223	0.071	8.508	762	777.00
10	2	1952115	0.037	3.497	0.077	2.809	480	651.67
11	2	1952915	0.029	23.933	0.066	23.249	800	679.00
12	2	1953527	0.038	3.279	0.082	2.575	612	761.67
13	2	1954182	0.027	24.092	0.076	23.382	655	594.67
14	2	1954958	0.041	12.998	0.072	12.306	776	665.00
15	2	1955501	0.038	2.789	0.062	2.104	543	668.33
16	2	1955961	0.025	7.098	0.061	6.418	460	587.67
17	2	1956582	0.046	23.68	0.068	22.99	621	639.00
18	2	1957253	0.047	4.923	0.067	4.264	671	688.67
19	2	1958001	0.029	24.129	0.066	23.425	748	666.33
20	2	1958542	0.053	2.343	0.076	1.681	541	699.33
21	2	1959361	0.029	8.938	0.079	8.237	819	730.33
22	2	1960008	0.051	12.851	0.063	12.179	647	585.00
23	2	1960513	0.036	23.956	0.071	23.271	505	604.00
24	2	1961166	0.038	3.104	0.068	2.44	653	737.00
25	2	1961917	0.028	2.121	0.066	1.459	751	647.33
26	2	1962502	0.028	12.838	0.069	12.121	585	663.67
27	2	1963342	0.041	9.282	0.065	8.564	840	768.33
28	2	1963934	0.027	6.988	0.063	6.315	592	645.67
29	2	1964529	0.039	23.329	0.063	22.68	595	642.00
30	2	1965148	0.036	1.914	0.063	1.138	619	704.33
31	2	1965853	0.027	22.309	0.056	21.666	705	630.00
32	2	1966271	0.034	6.438	0.068	5.818	418	596.33
33	2	1966826	0.025	8.901	0.068	8.195	555	567.00
34	2	1967482	0.036	13.535	0.069	12.804	656	646.00
35	2	1968146	0.029	6.134	0.065	5.341	664	640.00
36	2	1968755	0.028	3.232	0.058	2.569	609	638.00
37	2	1969421	0.028	24.848	0.063	24.126	666	639.67
38	2	1970169	0.029	12.817	0.08	12.126	748	721.67
39	2	1970869	0.038	9.035	0.07	8.33	700	674.33
40	2	1971460	0.027	2.972	0.072	2.141	591	667.33
41	2	1972257	0.045	27.077	0.066	26.266	797	646.33
42	2	1973122	0.035	6.002	0.092	5.225	865	717.67
43	2	1973994	0.03	25.615	0.08	24.887	872	775.33
44	2	1974658	0.039	7.245	0.067	6.549	664	560.33
45	2	1975433	0.029	3.219	0.093	2.402	775	789.33
46	2	1976020	0.031	14.165	0.081	13.458	587	622.00
47	2	1976627	0.039	26.974	0.071	26.189	607	683.67
48	2	1977401	0.037	3.699	0.08	2.971	774	729.67
49	2	1977983	0.035	26.67	0.085	25.903	582	571.67
50	2	1978626	0.049	1.887	0.077	1.088	643	619.00
51	2	1979135	0.027	10.149	0.078	9.339	509	601.33
52	2	1979760	0.04	7.215	0.069	6.511	625	626.33
53	2	1980325	0.053	24.697	0.078	23.98	565	546.33
54	2	1981328	0.042	5.038	0.074	4.338	1003	775.67
55	2	1982062	0.028	5.904	0.072	5.209	734	687.00
56	2	1982647	0.051	6.93	0.065	6.248	585	673.00
57	2	1983314	0.029	8.844	0.075	8.153	667	604.00
58	2	1983925	0.052	12.473	0.07	11.796	611	660.33
59	2	1984602	0.05	23.99	0.055	23.309	677	676.00
60	2	1985153	0.051	1.607	0.053	0.952	551	624.67
61	2	1985701	0.027	24.434	0.071	23.746	548	678.00
62	2	1986538	0.035	13.117	0.066	12.39	837	651.33
63	2	1987164	0.05	9.122	0.08	8.433	626	698.33
64	2	1987671	0.026	7.056	0.064	6.35	507	625.67
65	2	1988244	0.049	5.886	0.064	5.164	573	523.00
66	2	1988789	0.032	5.449	0.076	4.733	545	515.00
67	2	1989465	0.039	27.205	0.079	26.413	676	626.67
68	2	1990245	0.034	7.863	0.083	7.103	780	797.33
69	2	1990832	0.032	8.84	0.072	8.152	587	616.67
70	2	1991360	0.037	3.638	0.063	2.951	528	608.33
71	2	1991983	0.027	23.787	0.07	23.106	623	537.00
72	2	1992480	0.026	3.11	0.062	2.445	497	532.33
73	2	1992946	0.025	24.064	0.066	23.369	466	553.67
74	2	1993553	0.036	13.138	0.065	12.449	607	614.67
75	2	1994147	0.027	1.539	0.062	0.872	594	575.00
76	2	1994827	0.029	7.634	0.071	6.9	680	667.67
77	2	1995351	0.031	24.718	0.074	24.012	524	572.67
78	2	1996068	0.036	4.804	0.059	4.174	717	671.33
79	2	1996994	0.029	24.426	0.061	23.729	926	721.33
80	2	1997600	0.029	2.468	0.073	1.771	606	579.67
81	2	1998349	0.029	9.101	0.081	8.356	749	671.00
82	2	1999008	0.032	13.996	0.078	13.198	659	698.00
83	2	1999615	0.035	27.006	0.089	26.212	607	617.33
84	2	2000226	0.047	4.195	0.118	3.276	611	611.00
85	2	2000974	0.038	7.46	0.101	6.594	748	624.00
86	2	2001877	0.039	15.033	0.09	14.234	903	740.00
87	2	2002437	0.03	10.363	0.087	9.545	560	587.33
88	2	2003168	0.046	8.268	0.082	7.463	731	556.33
89	2	2003895	0.033	27.229	0.088	26.433	727	664.33
90	2	2004577	0.044	2.293	0.069	1.536	682	641.67
91	2	2005451	0.031	28.825	0.091	27.992	874	688.00
92	2	2005950	0.041	8.538	0.084	7.666	499	527.00
93	2	2006636	0.032	10.828	0.085	9.966	686	683.67
94	2	2007302	0.066	15.366	0.073	14.503	666	601.00
95	2	2007838	0.045	6.901	0.074	6.091	536	581.33
96	2	2008759	0.035	3.773	0.077	2.963	921	725.33
97	2	2009542	0.038	29.137	0.074	28.286	783	615.67
98	2	2010207	0.037	15.95	0.072	15.083	665	648.67
99	2	2010705	0.027	10.633	0.075	9.814	498	578.67
100	2	2011280	0.033	1.745	0.074	0.962	575	544.67
101	2	2011947	0.034	30.655	0.077	29.73	667	837.33
102	2	2012451	0.031	6.342	0.086	5.507	504	649.00
103	2	2013022	0.031	29.503	0.105	28.6	571	640.33
104	2	2013798	0.033	8.596	0.085	7.749	776	607.33
105	2	2014577	0.034	3.357	0.088	2.543	779	689.33
106	2	2015122	0.035	15.493	0.087	14.676	545	553.33
107	2	2015791	0.038	22.877	0.061	22.213	669	604.00
108	2	2016613	0.037	2.842	0.07	2.225	822	633.67
109	2	2017192	0.025	23.256	0.066	22.576	579	649.33
110	2	2017865	0.028	3.573	0.065	2.91	673	624.33
111	2	2018418	0.028	8.659	0.061	7.994	553	645.67
112	2	2019032	0.035	6.469	0.064	5.829	614	632.67
113	2	2019596	0.024	21.798	0.053	21.214	564	612.00
114	2	2020339	0.037	4.533	0.065	3.931	743	626.67
115	2	2020883	0.025	5.336	0.058	4.708	544	599.33
116	2	2021555	0.049	6.312	0.055	5.697	672	631.67
117	2	2022242	0.051	8.183	0.066	7.57	687	603.67
118	2	2023027	0.041	14.41	0.085	13.635	785	699.67
119	2	2023768	0.039	27.963	0.079	27.153	741	726.67
120	2	2024398	0.032	1.88	0.073	1.07	630	659.00
121	2	2024922	0.031	27.834	0.077	27.03	524	564.67
122	2	2025510	0.032	14.615	0.079	13.834	588	682.00
123	2	2026106	0.032	10.189	0.07	9.432	596	543.00
124	2	2026847	0.042	7.911	0.082	7.133	741	611.33
125	2	2027512	0.037	1.844	0.081	0.988	665	603.67
126	2	2028054	0.035	6.401	0.085	5.543	542	622.33
127	2	2028616	0.031	28.238	0.076	27.43	562	653.00
128	2	2029228	0.032	8.252	0.087	7.44	612	621.33
129	2	2029907	0.031	10.532	0.073	9.729	679	765.00
130	2	2030486	0.035	4.467	0.074	3.579	579	655.00
131	2	2031072	0.044	30.103	0.084	29.214	586	630.00
132	2	2031660	0.033	3.812	0.085	3.032	588	566.67
133	2	2032298	0.033	28.181	0.077	27.408	638	612.33
134	2	2032973	0.032	15.003	0.079	14.2	675	719.67
135	2	2033583	0.034	3.535	0.089	2.689	610	658.33
136	2	2034299	0.034	8.611	0.076	7.78	716	693.67
137	2	2034839	0.035	29.378	0.084	28.516	540	561.33
138	2	2035493	0.034	6.08	0.084	5.253	654	629.67
139	2	2036099	0.034	28.868	0.067	28.032	606	580.67
140	2	2036730	0.033	2.791	0.071	2.003	631	612.33
141	2	2037365	0.034	10.075	0.082	9.287	635	732.67
142	2	2037899	0.037	14.138	0.092	13.369	534	558.33
143	2	2038555	0.04	25.18	0.07	24.456	656	634.67
144	2	2039187	0.038	3.21	0.065	2.533	632	633.67
145	2	2039775	0.027	5.904	0.083	5.212	588	709.33
146	2	2040331	0.027	12.83	0.074	12.072	556	582.00
147	2	2040958	0.051	9.037	0.06	8.351	627	550.33
148	2	2041553	0.028	7.066	0.074	6.392	595	577.33
149	2	2042189	0.055	27.291	0.085	26.473	636	653.33
150	2	2042799	0.041	1.641	0.054	0.887	610	560.67
151	2	2043438	0.034	26.476	0.088	25.713	639	682.00
152	2	2044167	0.04	8.265	0.103	7.438	729	624.00
153	2	2044770	0.029	9.675	0.06	8.874	603	587.67
154	2	2045383	0.042	14.945	0.072	14.156	613	641.33
155	2	2045881	0.032	6.948	0.073	6.179	498	540.00
156	2	2046566	0.043	3.252	0.074	2.545	685	663.00
157	2	2047110	0.028	26.233	0.079	25.484	544	598.33
158	2	2047917	0.039	15.061	0.093	14.283	807	618.00
159	2	2048496	0.027	9.129	0.069	8.453	579	614.00
160	2	2049047	0.028	2.63	0.076	1.883	551	586.00
161	2	2049643	0.05	26.402	0.077	25.721	596	632.67
162	2	2050418	0.042	5.307	0.069	4.601	775	767.67
163	2	2050973	0.028	27.471	0.089	26.721	555	672.00
164	2	2051586	0.066	7.775	0.072	6.973	613	622.00
165	2	2052278	0.033	3.57	0.116	2.687	692	647.67
166	2	2052986	0.035	15.082	0.078	14.311	708	626.00
167	2	2053639	0.041	27.035	0.075	26.233	653	621.33
168	2	2054154	0.038	3.442	0.073	2.717	515	537.00
169	2	2054919	0.034	26.527	0.077	25.759	765	698.33
170	2	2055628	0.091	3.66	0.07	2.952	709	629.00
171	2	2056362	0.028	11.017	0.079	10.157	734	678.00
172	2	2057044	0.041	7.3	0.076	6.605	682	715.67
173	2	2057717	0.029	27.707	0.077	26.901	673	657.00
174	2	2058440	0.031	5.392	0.066	4.654	723	647.33
175	2	2059207	0.031	2.611	0.073	1.768	767	675.33
176	2	2059799	0.03	7.73	0.071	6.945	592	548.33
177	2	2060484	0.065	9.641	0.062	8.911	685	688.67
178	2	2061263	0.03	13.612	0.082	12.85	779	744.00
179	2	2062189	0.041	27.973	0.089	27.21	926	763.00
180	2	2062786	0.045	1.963	0.093	1.078	597	590.33
181	2	2063534	0.039	26.809	0.078	26.028	748	675.00
182	2	2064227	0.031	13.487	0.062	12.747	693	614.33
183	2	2064897	0.042	9.379	0.077	8.688	670	724.67
184	2	2065427	0.026	8.04	0.098	7.239	530	654.33
185	2	2066178	0.043	6.525	0.071	5.762	751	635.67
186	2	2066779	0.028	5.153	0.073	4.463	601	596.00
187	2	2067358	0.045	25.271	0.058	24.489	579	631.67
188	2	2067944	0.039	6.912	0.069	6.236	586	609.33
189	2	2068500	0.027	9.103	0.065	8.418	556	716.33
190	2	2069078	0.039	3.634	0.068	2.952	578	618.00
191	2	2069699	0.029	24.232	0.073	23.569	621	641.33
192	2	2070429	0.04	3.136	0.06	2.468	730	662.67
193	2	2071230	0.03	24.092	0.067	23.413	801	738.67
194	2	2071770	0.038	13.151	0.074	12.406	540	564.00
195	2	2072342	0.027	2.782	0.073	2.082	572	566.67
196	2	2073285	0.031	7.06	0.074	6.338	943	797.67
197	2	2074240	0.041	26.783	0.072	26.028	955	715.33
198	2	2074857	0.043	5.477	0.069	4.731	617	637.33
199	2	2075492	0.029	24.807	0.065	24.09	635	685.00
200	2	2075989	0.038	1.516	0.065	0.841	497	502.67
201	2	2076785	0.031	9.195	0.071	8.508	796	708.33
202	2	2077394	0.039	13.09	0.067	12.351	609	770.00
203	2	2077921	0.037	25.234	0.067	24.522	527	573.67
204	2	2078552	0.039	3.24	0.059	2.553	631	668.00
205	2	2079282	0.03	6.113	0.064	5.379	730	641.00
206	2	2079854	0.058	13.097	0.058	12.418	572	619.67
207	2	2080526	0.041	9.072	0.071	8.392	672	573.00
208	2	2081107	0.027	7.116	0.066	6.425	581	572.33
209	2	2081781	0.04	28.173	0.082	27.388	674	575.33
210	2	2082547	0.039	2.02	0.063	1.312	766	646.67
211	2	2083154	0.028	28.559	0.071	27.679	607	649.00
212	2	2083894	0.037	7.291	0.074	6.526	740	599.67
213	2	2084428	0.028	11.522	0.08	10.631	534	576.00
214	2	2085066	0.039	14.232	0.077	13.444	638	594.67
215	2	2085659	0.032	5.837	0.07	5.157	593	753.33
216	2	2086280	0.027	3.742	0.063	2.904	621	554.00
217	2	2086852	0.031	29.425	0.084	28.531	572	582.33
218	2	2087487	0.042	14.522	0.061	13.763	635	618.67
219	2	2088166	0.043	10.487	0.08	9.732	679	647.67
220	2	2088933	0.049	2.759	0.103	1.971	767	665.00
221	2	2089639	0.052	28.278	0.083	27.494	706	698.00
222	2	2090136	0.065	5.772	0.089	5.005	497	601.00
223	2	2090900	0.031	28.05	0.081	27.221	764	730.67
224	2	2091581	0.065	7.774	0.07	7.054	681	630.67
225	2	2092143	0.029	1.649	0.074	0.942	562	587.00
226	2	2092696	0.028	15.291	0.081	14.476	553	612.33
227	2	2093327	0.047	28.66	0.083	27.847	631	669.00
228	2	2093991	0.047	3.828	0.08	3.087	664	589.00
229	2	2094579	0.035	29.836	0.069	29.041	588	663.33
230	2	2095182	0.047	4.027	0.067	3.258	603	623.67
231	2	2095754	0.031	10.98	0.094	10.148	572	587.67
232	2	2096571	0.062	8.21	0.089	7.422	817	647.00
233	2	2097236	0.033	29.903	0.08	29.09	665	600.33
234	2	2098082	0.05	6.452	0.086	5.587	846	696.33
235	2	2098653	0.032	7.222	0.083	6.388	571	614.67
236	2	2099331	0.045	8.263	0.082	7.458	678	701.67
237	2	2100212	0.046	10.153	0.072	9.371	881	711.33
238	2	2100954	0.066	14.624	0.108	13.807	742	692.33
239	2	2101736	0.043	28.171	0.076	27.312	782	659.00
240	2	2102443	0.054	1.977	0.083	1.184	707	562.67
241	2	2103081	0.034	29.319	0.068	28.505	638	612.67
242	2	2103625	0.038	15.459	0.08	14.602	544	582.33
243	2	2104301	0.063	10.285	0.076	9.529	676	627.00
244	2	2104801	0.044	8.332	0.077	7.487	500	608.00
245	2	2105440	0.033	6.809	0.076	6.025	639	606.67
246	2	2105956	0.041	5.914	0.09	5.112	516	618.33
247	2	2106611	0.05	28.289	0.083	27.55	655	681.67
248	2	2107363	0.043	8.528	0.084	7.718	752	656.67
249	2	2108113	0.046	10.035	0.078	9.234	750	627.33
250	2	2108582	0.041	1.574	0.08	0.785	469	443.33
251	2	2109319	0.037	28.923	0.076	28.099	737	616.00
252	2	2109878	0.027	3.17	0.072	2.503	559	569.00
253	2	2110397	0.027	27.274	0.07	26.423	519	612.00
254	2	2111172	0.062	14.212	0.065	13.399	775	755.33
255	2	2111777	0.045	3.086	0.073	2.331	605	573.67
256	2	2112305	0.027	7.405	0.079	6.682	528	679.67
257	2	2113122	0.058	26.53	0.067	25.733	817	651.67
258	2	2113825	0.052	5.315	0.066	4.572	703	726.00
259	2	2114809	0.037	26.525	0.068	25.739	984	703.33
260	2	2115482	0.066	2.487	0.084	1.778	673	658.67
261	2	2116073	0.029	9.81	0.078	9.025	591	581.00
262	2	2116738	0.039	13.633	0.074	12.893	665	653.33
263	2	2117512	0.04	25.109	0.062	24.412	774	665.00
264	2	2118155	0.051	3.249	0.073	2.555	643	555.67
265	2	2118952	0.03	6.076	0.067	5.358	797	670.33
266	2	2119567	0.054	13.026	0.082	12.335	615	690.00
267	2	2120206	0.051	8.93	0.079	8.241	639	629.67
268	2	2120843	0.028	7.053	0.062	6.37	637	624.33
269	2	2121417	0.039	25.176	0.068	24.468	574	567.00
270	2	2122086	0.043	2.287	0.083	1.537	669	640.00
271	2	2122700	0.032	24.869	0.071	24.177	614	652.67
272	2	2123319	0.05	6.931	0.059	6.258	619	650.00
273	2	2124118	0.029	9.515	0.071	8.803	799	722.67
274	2	2124585	0.057	13.607	0.072	12.885	467	653.33
275	2	2125239	0.042	2.471	0.071	1.648	654	640.00
276	2	2125897	0.027	4.202	0.091	3.31	658	668.67
277	2	2126546	0.038	27.445	0.074	26.683	649	619.00
278	2	2127075	0.042	13.483	0.071	12.756	529	568.00
279	2	2127725	0.039	9.932	0.067	9.178	650	696.00
280	2	2128298	0.045	2.571	0.075	1.845	573	571.67
281	2	2128934	0.041	26.331	0.076	25.577	636	588.67
282	2	2129545	0.05	5.451	0.075	4.724	611	659.67
283	2	2130089	0.027	26.329	0.077	25.543	544	636.00
284	2	2130526	0.037	7.534	0.071	6.772	437	581.67
285	2	2131064	0.028	2.932	0.067	2.22	538	557.00
286	2	2131697	0.041	14.035	0.074	13.29	633	604.33
287	2	2132315	0.04	26.118	0.076	25.305	618	511.00
288	2	2132945	0.042	3.784	0.079	2.966	630	646.33
289	2	2133781	0.032	26.251	0.079	25.513	836	697.33
290	2	2134503	0.046	4.152	0.082	3.328	722	674.00
291	2	2135091	0.028	9.673	0.077	8.954	588	581.00
292	2	2135575	0.05	8.402	0.074	7.628	484	546.67
293	2	2136509	0.037	30.846	0.094	29.97	934	748.67
294	2	2137070	0.046	6.223	0.101	5.343	561	572.33
295	2	2137698	0.031	7.009	0.083	6.184	628	597.00
296	2	2138334	0.044	8.66	0.072	7.852	636	578.67
297	2	2138766	0.029	10.709	0.078	9.915	432	588.00
298	2	2139394	0.053	15.407	0.078	14.593	628	682.67
299	2	2140007	0.044	29.602	0.072	28.722	613	625.67
300	2	2140462	0.053	1.789	0.083	0.9	455	424.33
301	2	2141152	0.038	29.26	0.085	28.416	690	674.00
302	2	2141768	0.04	14.325	0.072	13.549	616	592.33
303	2	2142371	0.051	9.752	0.067	9.016	603	668.00
304	2	2143090	0.028	7.888	0.077	7.127	719	583.67
305	2	2143689	0.043	6.838	0.089	6.031	599	647.67
306	2	2144300	0.032	6.08	0.074	5.253	611	614.67
307	2	2145099	0.048	29.936	0.062	29.073	799	644.33
308	2	2145807	0.038	9.22	0.089	8.332	708	617.00
309	2	2146408	0.032	11.674	0.071	10.791	601	624.00
310	2	2147058	0.037	4.138	0.076	3.343	650	608.67
311	2	2147619	0.031	28.245	0.077	27.485	561	630.00
312	2	2148226	0.033	3.666	0.076	2.9	607	560.67
313	2	2148858	0.032	28.866	0.079	28.089	632	514.33
314	2	2149523	0.035	14.404	0.08	13.61	665	748.33
315	2	2150283	0.029	2.865	0.063	2.17	760	720.67
316	2	2151012	0.029	7.662	0.07	6.93	729	597.33
317	2	2151908	0.034	27.883	0.085	27.088	896	670.67
318	2	2152603	0.034	6.193	0.074	5.36	695	715.33
319	2	2153282	0.032	27.137	0.072	26.353	679	616.33
320	2	2153901	0.028	2.368	0.07	1.7	619	577.00
321	2	2154517	0.028	10.666	0.083	9.862	616	680.33
322	2	2155223	0.034	15.049	0.071	14.274	706	671.33
323	2	2155676	0.044	26.399	0.076	25.703	453	543.00
324	2	2156274	0.048	3.205	0.078	2.516	598	675.67
325	2	2156858	0.024	2.385	0.055	1.622	584	592.33
326	2	2157541	0.026	13.582	0.075	12.827	683	629.67
327	2	2158021	0.036	10.036	0.066	9.241	480	600.00
328	2	2158740	0.029	8.132	0.07	7.372	719	714.67
329	2	2159323	0.028	24.454	0.072	23.78	583	588.33
330	2	2159944	0.035	1.818	0.061	1.219	621	559.67
331	2	2160634	0.027	24.133	0.075	23.472	690	627.33
332	2	2161198	0.045	6.901	0.079	6.206	564	535.67
333	2	2161941	0.027	8.86	0.066	8.203	743	660.00
334	2	2162481	0.035	12.656	0.066	12.006	540	614.00
335	2	2163022	0.036	5.676	0.062	5.036	541	557.33
336	2	2163542	0.026	3.179	0.067	2.481	520	584.00
337	2	2164362	0.027	23.789	0.075	23.141	820	705.67
338	2	2164983	0.045	13.316	0.065	12.617	621	698.33
339	2	2165461	0.031	10.709	0.066	9.927	478	579.67
340	2	2166105	0.029	2.762	0.067	2.007	644	598.00
341	2	2166662	0.028	25.813	0.085	25.12	557	583.33
342	2	2167345	0.033	6.118	0.075	5.317	683	646.00
343	2	2168048	0.033	27.778	0.078	26.989	703	659.33
344	2	2168851	0.032	8.238	0.102	7.417	803	725.33
345	2	2169453	0.033	3.338	0.074	2.547	602	727.00
346	2	2170054	0.057	15.092	0.083	14.274	601	604.67
347	2	2170634	0.033	29.632	0.091	28.806	580	597.00
348	2	2171301	0.033	3.641	0.072	2.867	667	634.33
349	2	2171960	0.032	30.566	0.077	29.694	659	724.00
350	2	2172613	0.033	1.947	0.075	1.105	653	603.67
351	2	2173316	0.032	10.397	0.076	9.6	703	555.67
352	2	2173874	0.03	8.525	0.086	7.674	558	550.33
353	2	2174510	0.03	28.743	0.095	27.872	636	578.00
354	2	2175181	0.041	6.346	0.083	5.494	671	667.67
355	2	2175872	0.034	6.461	0.082	5.701	691	665.00
356	2	2176507	0.029	7.061	0.072	6.376	635	620.67
357	2	2177207	0.028	9.739	0.068	8.931	700	675.00
358	2	2177965	0.031	14.059	0.069	13.265	758	782.33
359	2	2178583	0.033	27.162	0.069	26.35	618	599.33
360	2	2179098	0.027	1.616	0.069	0.951	515	565.67
361	2	2179619	0.026	27.558	0.065	26.797	521	542.67
362	2	2180300	0.043	15.221	0.085	14.469	681	630.33
363	2	2181068	0.034	10.734	0.08	9.943	768	664.00
364	2	2181763	0.036	8.096	0.078	7.277	695	633.00
365	2	2182266	0.031	6.789	0.066	6.009	503	591.33
366	2	2182805	0.032	6.159	0.084	5.334	539	684.00
367	2	2183351	0.033	28.795	0.081	27.981	546	566.67
368	2	2183935	0.032	8.033	0.074	7.256	584	574.67
369	2	2184543	0.032	10.157	0.087	9.379	608	608.33
370	2	2185142	0.033	4.061	0.084	3.294	599	613.67
371	2	2185799	0.033	26.775	0.089	26.025	657	626.33
372	2	2186487	0.031	3.371	0.074	2.664	688	603.67
373	2	2187054	0.029	25.483	0.062	24.775	567	639.33
374	2	2187628	0.029	13.337	0.077	12.613	574	726.33
375	2	2187954	0.024	1.33	0.057	0.663	326	339.33
376	2	2188561	0.028	8.159	0.077	7.395	607	573.67
377	2	2189122	0.033	28.048	0.078	27.248	561	518.67
378	2	2189607	0.042	5.87	0.083	5.067	485	672.33
379	2	2190187	0.032	28.112	0.077	27.325	580	537.67
380	2	2190739	0.032	2.866	0.085	2.057	552	549.67
381	2	2191570	0.035	10.104	0.071	9.343	831	749.67
382	2	2192213	0.029	13.392	0.059	12.668	643	838.00
383	2	2192840	0.029	25.267	0.079	24.55	627	644.00
384	2	2193561	0.03	3.269	0.068	2.574	721	682.67
385	2	2194109	0.028	6.001	0.07	5.305	548	645.67
386	2	2194759	0.03	13.02	0.075	12.332	650	631.67
387	2	2195413	0.029	8.837	0.076	8.15	654	648.00
388	2	2195801	0.027	6.822	0.064	6.165	388	581.33
389	2	2196418	0.051	24.11	0.077	23.415	617	714.33
390	2	2196937	0.038	2.044	0.07	1.386	519	537.67
391	2	2197354	0.026	24.225	0.068	23.545	417	560.00
392	2	2198107	0.04	7.041	0.069	6.34	753	676.67
393	2	2198610	0.027	8.931	0.066	8.258	503	537.67
394	2	2199373	0.04	12.731	0.063	12.094	763	632.67
395	2	2200120	0.03	5.871	0.062	5.211	747	675.33
396	2	2200827	0.03	3.201	0.059	2.53	707	656.00
397	2	2201656	0.03	24.261	0.085	23.572	829	669.00
398	2	2202231	0.039	12.94	0.072	12.249	575	589.00
399	2	2203153	0.031	9.179	0.073	8.523	922	664.00
400	2	2203758	0.03	1.531	0.072	0.844	605	531.33
401	2	2204445	0.039	24.796	0.071	24.105	687	692.67
402	2	2205139	0.039	5.243	0.072	4.549	694	678.67
403	2	2205790	0.03	24.915	0.069	24.198	651	614.00
404	2	2206506	0.041	7.249	0.07	6.534	716	707.33
405	2	2207081	0.029	2.932	0.065	2.232	575	646.33
406	2	2207660	0.037	13.37	0.078	12.659	579	592.67
407	2	2208135	0.026	24.858	0.076	24.17	475	624.67
408	2	2208776	0.028	3.362	0.089	2.662	641	637.00
409	2	2209391	0.028	24.808	0.06	24.108	615	638.00
410	2	2210027	0.039	3.56	0.062	2.894	636	683.00
411	2	2210528	0.028	9.239	0.064	8.545	501	574.67
412	2	2211148	0.028	7.077	0.069	6.392	620	658.33
413	2	2211843	0.028	24.525	0.065	23.825	695	666.67
414	2	2212400	0.038	5.29	0.065	4.597	557	627.00
415	2	2212990	0.029	6.058	0.064	5.351	590	568.67
416	2	2213543	0.028	7.34	0.055	6.674	553	653.67
417	2	2213974	0.027	9.175	0.067	8.533	431	518.67
418	2	2214511	0.028	12.894	0.065	12.209	537	552.33
419	2	2215253	0.03	24.631	0.075	23.923	742	628.67
420	2	2215895	0.029	1.689	0.067	1.018	642	562.67
421	2	2216485	0.028	25.672	0.075	24.974	590	638.67
422	2	2217182	0.03	13.65	0.073	12.928	697	710.00
423	2	2217838	0.029	9.237	0.062	8.541	656	637.00
424	2	2218524	0.03	7.352	0.072	6.65	686	606.33
425	2	2219166	0.03	2.212	0.068	1.53	642	630.00
426	2	2219670	0.026	5.239	0.065	4.556	504	596.00
427	2	2220180	0.028	26.87	0.066	26.113	510	619.33
428	2	2220829	0.04	7.399	0.08	6.739	649	576.33
429	2	2221554	0.03	9.128	0.062	8.44	725	592.67
430	2	2222198	0.038	3.552	0.06	2.892	644	707.33
431	2	2222855	0.027	24.633	0.07	23.921	657	542.33
432	2	2223600	0.029	3.17	0.058	2.516	745	655.33
433	2	2224579	0.03	25.327	0.061	24.607	979	710.00
434	2	2225147	0.029	13.26	0.062	12.538	568	584.00
435	2	2225821	0.03	2.874	0.059	2.202	674	682.33
436	2	2226483	0.029	7.213	0.071	6.525	662	610.33
437	2	2227188	0.03	25.179	0.068	24.45	705	626.67
438	2	2227831	0.039	5.224	0.073	4.548	643	611.33
439	2	2228336	0.028	24.812	0.065	24.096	505	592.67
440	2	2228872	0.038	2.412	0.063	1.754	536	587.00
441	2	2229418	0.028	9.917	0.073	9.192	546	589.67
442	2	2230037	0.031	13.63	0.066	12.882	619	640.67
443	2	2230794	0.03	24.837	0.076	24.125	757	642.33
444	2	2231395	0.039	3.238	0.067	2.554	601	559.33
445	2	2232142	0.029	6.069	0.058	5.402	747	645.00
446	2	2232856	0.029	14.451	0.06	13.732	714	721.00
447	2	2233541	0.041	9.478	0.076	8.735	685	614.33
448	2	2234107	0.028	7.393	0.068	6.71	566	581.67
449	2	2234600	0.037	24.774	0.07	24.076	493	626.67
450	2	2235190	0.037	1.454	0.09	0.742	590	523.00
451	2	2235787	0.029	25.472	0.073	24.768	597	582.33
452	2	2236321	0.039	7.506	0.064	6.826	534	602.33
453	2	2236889	0.04	9.408	0.075	8.771	568	680.67
454	2	2237537	0.029	13.338	0.075	12.654	648	619.00
455	2	2238171	0.029	6.159	0.064	5.466	634	673.67
456	2	2238749	0.03	3.29	0.073	2.609	578	527.33
457	2	2239465	0.029	25.274	0.065	24.572	716	780.00
458	2	2240000	0.032	13.981	0.068	13.251	535	653.67
459	2	2240772	0.033	9.385	0.07	8.716	772	687.00
460	2	2241485	0.031	2.452	0.063	1.771	713	679.33
461	2	2242001	0.038	24.994	0.065	24.294	516	585.00
462	2	2242632	0.032	5.872	0.08	5.12	631	632.00
463	2	2243154	0.03	25.964	0.072	25.212	522	535.00
464	2	2244083	0.041	7.149	0.073	6.472	929	631.00
465	2	2244639	0.027	2.878	0.067	2.15	556	656.00
466	2	2245207	0.038	13.385	0.087	12.521	568	626.67
467	2	2245778	0.033	25.073	0.067	24.334	571	621.00
468	2	2246480	0.029	3.207	0.049	2.549	702	630.00
469	2	2247313	0.03	25.145	0.067	24.404	833	770.67
470	2	2247806	0.028	3.813	0.069	3.053	493	565.00
471	2	2248469	0.03	9.425	0.067	8.744	663	645.67
472	2	2249042	0.03	7.29	0.075	6.594	573	632.67
473	2	2249627	0.028	25.275	0.069	24.562	585	606.33
474	2	2250496	0.032	5.377	0.078	4.648	869	708.00
475	2	2251022	0.027	2.221	0.057	1.529	526	540.67
476	2	2251691	0.03	7.253	0.056	6.569	669	659.00
477	2	2252353	0.029	10.418	0.097	9.605	662	692.00
478	2	2253020	0.032	14.116	0.074	13.362	667	621.33
479	2	2253596	0.033	25.002	0.073	24.303	576	691.33
480	2	2254213	0.028	1.68	0.071	0.993	617	531.00
481	2	2255037	0.029	27.549	0.078	26.733	824	618.00
482	2	2255632	0.039	13.151	0.062	12.453	595	547.00
483	2	2256222	0.028	9.047	0.075	8.359	590	655.00
484	2	2256747	0.028	7.291	0.071	6.589	525	773.33
485	2	2257444	0.04	5.961	0.059	5.269	697	692.33
486	2	2258040	0.029	5.537	0.072	4.803	596	684.33
487	2	2258900	0.036	29.126	0.092	28.309	860	657.00
488	2	2259548	0.035	8.452	0.073	7.641	648	693.67
489	2	2260103	0.043	9.222	0.081	8.539	555	672.67
490	2	2260804	0.028	3.711	0.069	3.002	701	609.67
491	2	2261672	0.036	26.924	0.07	26.201	868	664.00
492	2	2262289	0.028	3.226	0.062	2.549	617	610.00
493	2	2263157	0.029	27.571	0.077	26.738	868	876.67
494	2	2263671	0.028	13.028	0.072	12.338	514	644.33
495	2	2264437	0.031	3.096	0.073	2.354	766	659.33
496	2	2265138	0.029	7.204	0.068	6.488	701	669.00
497	2	2265645	0.032	29.889	0.078	29.049	507	738.00
498	2	2266351	0.044	6.272	0.099	5.437	706	620.67
499	2	2266962	0.028	26.198	0.068	25.471	611	667.00
500	2	2267230	0.024	1.376	0.058	0.677	268	269.67
501	2	2267873	0.029	10.703	0.079	9.921	643	573.67
502	2	2268448	0.028	14.116	0.066	13.49	575	577.67
503	2	2268922	0.027	26.026	0.081	25.308	474	675.67
504	2	2269465	0.037	3.343	0.072	2.63	543	527.67
505	2	2270015	0.028	6.051	0.075	5.388	550	630.00
506	2	2270499	0.026	13.221	0.065	12.568	484	637.67
507	2	2271095	0.027	9.151	0.065	8.495	596	653.00
508	2	2271605	0.026	7.219	0.063	6.549	510	730.00
509	2	2272240	0.038	24.821	0.073	24.133	635	591.00
510	2	2272898	0.038	2.003	0.063	1.323	658	607.33
511	2	2273486	0.027	26.218	0.065	25.456	588	599.33
512	2	2273999	0.031	8.074	0.074	7.305	513	653.33
513	2	2274738	0.034	10.059	0.068	9.313	739	626.00
514	2	2275621	0.033	14.051	0.082	13.285	883	677.33
515	2	2276178	0.029	6.289	0.058	5.566	557	611.33
516	2	2276878	0.032	3.529	0.069	2.792	700	688.33
517	2	2277419	0.029	25.92	0.071	25.171	541	612.67
518	2	2278669	0.045	13.59	0.071	12.882	1250	778.00
519	2	2279403	0.041	9.151	0.065	8.462	734	652.00
520	2	2280167	0.03	2.626	0.078	1.91	764	625.00
521	2	2280666	0.037	24.96	0.06	24.257	499	605.67
522	2	2281285	0.028	5.212	0.077	4.516	619	561.33
523	2	2281865	0.029	25.08	0.074	24.355	580	582.67
524	2	2282395	0.028	7.295	0.069	6.578	530	571.67
525	2	2282926	0.027	1.548	0.071	0.863	531	566.67
526	2	2283551	0.042	13.177	0.065	12.435	625	622.67
527	2	2284069	0.038	24.854	0.057	24.156	518	616.67
528	2	2284594	0.038	3.191	0.061	2.522	525	641.00
529	2	2285437	0.031	25.019	0.078	24.31	843	717.67
530	2	2286135	0.04	3.708	0.064	3.055	698	643.67
531	2	2286796	0.03	9.362	0.092	8.64	661	720.00
532	2	2287244	0.041	7.372	0.057	6.677	448	641.00
533	2	2287840	0.031	25.424	0.067	24.694	596	602.33
534	2	2288579	0.04	5.164	0.069	4.494	739	634.67
535	2	2289293	0.029	5.977	0.058	5.292	714	710.67
536	2	2290013	0.029	7.159	0.067	6.476	720	628.00
537	2	2290701	0.029	9.01	0.064	8.333	688	718.00
538	2	2291443	0.042	13.928	0.07	13.172	742	600.67
539	2	2292197	0.04	26.413	0.073	25.649	754	651.67
540	2	2292837	0.029	1.736	0.065	1.024	640	544.00
541	2	2293505	0.03	26.248	0.059	25.53	668	535.67
542	2	2294055	0.028	13.287	0.068	12.599	550	704.33
543	2	2294681	0.029	9.255	0.068	8.561	626	626.67
544	2	2295214	0.027	7.046	0.065	6.383	533	640.33
545	2	2295840	0.028	5.516	0.063	4.894	626	649.67
546	2	2296482	0.026	4.812	0.067	4.143	642	637.33
547	2	2297137	0.05	23.288	0.063	22.589	655	738.00
548	2	2297717	0.029	6.879	0.081	6.137	580	676.67
549	2	2298334	0.025	8.256	0.061	7.644	617	627.00
550	2	2298921	0.036	1.623	0.056	0.979	587	551.33
551	2	2299530	0.026	22.696	0.054	22.075	609	639.33
552	2	2300145	0.036	3.187	0.06	2.504	615	642.67
553	2	2300723	0.027	24.023	0.064	23.356	578	701.33
554	2	2301577	0.038	12.404	0.066	11.731	854	709.33
555	2	2302131	0.036	2.701	0.055	2.053	554	553.33
556	2	2302662	0.026	6.688	0.057	6.053	531	544.33
557	2	2303298	0.025	22.749	0.064	22.12	636	672.00
558	2	2304010	0.037	4.727	0.059	4.095	712	670.00
559	2	2304578	0.025	22.764	0.068	22.143	568	664.00
560	2	2305080	0.034	2.263	0.07	1.64	502	586.33
561	2	2305619	0.025	8.349	0.055	7.728	539	644.67
562	2	2306385	0.036	11.914	0.064	11.299	766	643.00
563	2	2306881	0.034	22.566	0.058	21.951	496	735.00
564	2	2307549	0.036	2.983	0.055	2.353	668	629.67
565	2	2308172	0.026	5.801	0.073	5.146	623	557.33
566	2	2308810	0.049	12.126	0.07	11.504	638	623.33
567	2	2309462	0.027	8.439	0.06	7.811	652	721.33
568	2	2310025	0.025	6.776	0.065	6.135	563	624.00
569	2	2310682	0.05	25.041	0.058	24.328	657	694.00
570	2	2311379	0.029	2.068	0.075	1.421	697	661.33
571	2	2312099	0.03	24.779	0.062	24.092	720	622.33
572	2	2312762	0.029	7.105	0.071	6.445	663	541.00
573	2	2313369	0.029	8.923	0.067	8.267	607	668.33
574	2	2313972	0.046	12.527	0.054	11.88	603	592.67
575	2	2314707	0.037	2.055	0.069	1.467	735	665.33
576	2	2315348	0.027	2.996	0.058	2.36	641	622.33
577	2	2315980	0.027	23.067	0.065	22.405	632	575.67
578	2	2316703	0.037	11.913	0.056	11.306	723	634.33
579	2	2317568	0.037	8.308	0.057	7.69	865	689.67
580	2	2318172	0.05	2.273	0.07	1.647	604	606.00
581	2	2318789	0.05	23.209	0.061	22.54	617	597.67
582	2	2319378	0.035	4.788	0.063	4.177	589	616.33
583	2	2319922	0.024	22.625	0.068	22.009	544	543.33
584	2	2320492	0.035	6.458	0.059	5.858	570	619.33
585	2	2321100	0.026	2.553	0.065	1.957	608	579.67
586	2	2321707	0.025	11.91	0.059	11.307	607	693.33
587	2	2322301	0.035	23.013	0.066	22.365	594	597.67
588	2	2322986	0.036	2.943	0.078	2.324	685	592.67
589	2	2323628	0.025	24.925	0.056	24.266	642	729.00
590	2	2324174	0.058	3.536	0.078	2.858	546	596.67
591	2	2325036	0.028	8.951	0.073	8.266	862	735.00
592	2	2325725	0.029	7.351	0.067	6.675	689	591.33
593	2	2326436	0.031	25.253	0.066	24.536	711	614.33
594	2	2327019	0.028	5.194	0.061	4.488	583	626.67
595	2	2327631	0.029	5.948	0.075	5.282	612	563.67
596	2	2328360	0.039	7.065	0.067	6.392	729	641.00
597	2	2328997	0.027	9.103	0.078	8.413	637	593.33
598	2	2329642	0.038	12.896	0.06	12.145	645	647.33
599	2	2330161	0.027	24.768	0.067	24.084	519	587.00
600	2	2330591	0.025	1.349	0.066	0.678	430	425.00
601	2	2331072	0.028	24.879	0.07	24.205	481	566.67
602	2	2331692	0.029	12.93	0.075	12.287	620	590.33
603	2	2332387	0.029	9.345	0.058	8.672	695	638.33
604	2	2332955	0.028	7.222	0.066	6.54	568	541.67
605	2	2333605	0.047	5.936	0.061	5.259	650	752.00
606	2	2334279	0.029	5.313	0.074	4.624	674	742.00
607	2	2335098	0.04	25.255	0.073	24.581	819	657.00
608	2	2335758	0.029	7.295	0.076	6.588	660	612.67
609	2	2336236	0.026	9.276	0.071	8.586	478	579.33
610	2	2336835	0.028	3.773	0.076	3.052	599	582.00
611	2	2337393	0.026	25.358	0.074	24.664	558	617.33
612	2	2338055	0.028	3.295	0.061	2.618	662	623.33
613	2	2338605	0.028	25.074	0.064	24.385	550	561.33
614	2	2339260	0.028	15.087	0.071	14.288	655	601.00
615	2	2339887	0.037	3.627	0.084	2.772	627	618.00
616	2	2340476	0.035	8.927	0.083	8.076	589	569.67
617	2	2341095	0.035	30.189	0.071	29.321	619	545.33
618	2	2341691	0.036	6.267	0.077	5.452	596	614.33
619	2	2342513	0.036	29.63	0.087	28.813	822	693.33
620	2	2343075	0.033	2.885	0.074	2.108	562	579.00
621	2	2343683	0.033	10.975	0.075	10.183	608	701.67
622	2	2344155	0.033	15.453	0.073	14.638	472	587.00
623	2	2344864	0.034	29.879	0.075	29.048	709	641.67
624	2	2345451	0.033	3.923	0.068	3.073	587	581.33
625	2	2346061	0.033	1.853	0.078	0.981	610	580.33
626	2	2346673	0.036	17.215	0.08	16.294	612	633.67
627	2	2347265	0.043	11.418	0.094	10.586	592	675.67
628	2	2347874	0.033	10.306	0.096	9.312	609	671.33
629	2	2348383	0.035	31.801	0.088	30.92	509	622.33
630	2	2349135	0.037	2.6	0.083	1.741	752	677.00
631	2	2349787	0.038	32.537	0.1	31.518	652	641.33
632	2	2350531	0.044	9.173	0.097	8.262	744	667.33
633	2	2351173	0.036	11.744	0.082	10.883	642	619.33
634	2	2351933	0.034	16.341	0.076	15.492	760	618.33
635	2	2352564	0.044	7.491	0.075	6.666	631	634.00
636	2	2353172	0.036	4.334	0.092	3.451	608	674.67
637	2	2353774	0.044	30.733	0.089	29.871	602	587.00
638	2	2354358	0.037	16.271	0.082	15.422	584	537.33
639	2	2354821	0.037	11.165	0.086	10.358	463	520.67
640	2	2355435	0.037	3.159	0.084	2.256	614	558.67
641	2	2356032	0.034	29.354	0.085	28.533	597	599.67
642	2	2356633	0.032	6.26	0.082	5.439	601	580.00
643	2	2357394	0.038	29.176	0.081	28.364	761	649.00
644	2	2358083	0.044	8.753	0.087	7.946	689	597.67
645	2	2358747	0.033	3.338	0.073	2.549	664	674.33
646	2	2359341	0.043	16.306	0.082	15.414	594	655.67
647	2	2359954	0.033	29.404	0.088	28.566	613	565.00
648	2	2360586	0.048	3.314	0.067	2.612	632	636.00
649	2	2361233	0.03	28.557	0.076	27.795	647	637.67
650	2	2361749	0.037	2.193	0.09	1.322	516	562.00
651	2	2362274	0.029	10.314	0.089	9.572	525	583.67
652	2	2363080	0.045	7.738	0.081	7.002	806	627.00
653	2	2363696	0.029	27.407	0.077	26.712	616	579.00
654	2	2364375	0.03	5.611	0.072	4.895	679	634.33
655	2	2364919	0.028	6.409	0.068	5.688	544	598.00
656	2	2365619	0.04	8.083	0.078	7.331	700	616.33
657	2	2366361	0.037	11.092	0.08	10.261	742	652.33
658	2	2366930	0.028	15.974	0.103	15.173	569	616.33
659	2	2367577	0.034	29.432	0.085	28.644	647	589.00
660	2	2368326	0.04	1.627	0.07	0.949	749	641.33
661	2	2368881	0.028	29.45	0.078	28.607	555	580.67
662	2	2369644	0.047	14.067	0.066	13.336	763	666.33
663	2	2370294	0.039	10.543	0.084	9.755	650	728.67
664	2	2370860	0.033	7.656	0.074	6.918	566	583.33
665	2	2371674	0.035	7.139	0.078	6.375	814	693.33
666	2	2372323	0.033	5.433	0.076	4.736	649	564.67
667	2	2373146	0.031	27.316	0.084	26.531	823	614.00
668	2	2373722	0.028	7.386	0.068	6.679	576	600.67
669	2	2374404	0.029	10.994	0.077	10.201	682	768.67
670	2	2374916	0.035	4.71	0.085	3.791	512	548.67
671	2	2375769	0.037	25.92	0.077	25.236	853	682.33
672	2	2376385	0.042	3.626	0.072	2.86	616	658.33
673	2	2376864	0.03	26.058	0.072	25.314	479	605.00
674	2	2377651	0.031	13.342	0.076	12.673	787	659.00
675	2	2378193	0.045	1.668	0.076	0.952	542	652.00
676	2	2378892	0.048	7.301	0.07	6.636	699	691.00
677	2	2379467	0.027	27.466	0.087	26.657	575	657.67
678	2	2380029	0.031	6.154	0.048	5.344	562	640.33
679	2	2380582	0.031	30.913	0.079	30.032	553	562.33
680	2	2381223	0.034	2.845	0.074	2.07	641	605.00
681	2	2381911	0.034	11.615	0.089	10.769	688	609.67
682	2	2382473	0.038	14.908	0.102	14.135	562	602.67
683	2	2382963	0.037	27.598	0.078	26.863	490	597.00
684	2	2383460	0.034	4.343	0.088	3.404	497	529.67
685	2	2384175	0.037	6.938	0.084	6.151	715	710.67
686	2	2384672	0.042	15.94	0.086	15.116	497	576.00
687	2	2385430	0.073	11.174	0.081	10.326	758	682.67
688	2	2386086	0.037	9.189	0.09	8.305	656	669.67
689	2	2386519	0.034	31.262	0.08	30.406	433	577.00
690	2	2387170	0.036	2.686	0.092	1.815	651	657.67
691	2	2388105	0.042	29.937	0.08	29.147	935	707.33
692	2	2388634	0.035	8.945	0.074	8.132	529	582.00
693	2	2389197	0.033	10.811	0.071	10.031	563	588.67
694	2	2389755	0.033	13.794	0.071	13.071	558	652.67
695	2	2390389	0.029	6.123	0.063	5.415	634	570.67
696	2	2391188	0.031	3.6	0.09	2.845	799	686.33
697	2	2391788	0.028	25.827	0.059	25.129	600	579.33
698	2	2392499	0.036	13.239	0.057	12.533	711	713.00
699	2	2393091	0.028	9.05	0.064	8.382	592	601.67
700	2	2393661	0.028	2.033	0.071	1.225	570	570.33
701	2	2394277	0.037	28.219	0.088	27.442	616	649.33
702	2	2395122	0.03	5.543	0.072	4.828	845	717.33
703	2	2395706	0.028	28.134	0.063	27.324	584	584.00
704	2	2396346	0.029	7.505	0.074	6.799	640	617.33
705	2	2397067	0.035	3.021	0.07	2.274	721	685.33
706	2	2397777	0.04	15.456	0.077	14.676	710	604.33
707	2	2398414	0.037	27.895	0.067	27.125	637	667.00
708	2	2399056	0.044	3.854	0.079	3.093	642	631.67
709	2	2399848	0.036	28.966	0.092	28.145	792	696.00
710	2	2400353	0.027	4.123	0.072	3.331	505	642.67
711	2	2400981	0.033	10.636	0.079	9.875	628	626.00
712	2	2401732	0.031	7.871	0.074	7.168	751	726.00
713	2	2402370	0.028	27.148	0.07	26.407	638	645.67
714	2	2402893	0.037	5.302	0.061	4.628	523	581.33
715	2	2403469	0.032	6.337	0.078	5.587	576	699.00
716	2	2404212	0.041	7.492	0.067	6.785	743	758.67
717	2	2404676	0.026	9.561	0.054	8.889	464	497.33
718	2	2405235	0.038	15.386	0.08	14.601	559	575.67
719	2	2406196	0.047	27.601	0.066	26.897	961	650.00
720	2	2406699	0.042	1.939	0.076	1.21	503	563.67
721	2	2407244	0.032	29.1	0.065	28.257	545	740.00
722	2	2407764	0.042	14.732	0.075	13.938	520	605.00
723	2	2408715	0.036	10.904	0.082	10.101	951	814.00
724	2	2409291	0.043	8.039	0.077	7.252	576	657.33
725	2	2409787	0.027	2.796	0.08	1.899	496	594.00
726	2	2410478	0.035	5.526	0.085	4.807	691	658.00
727	2	2411181	0.029	27.502	0.079	26.72	703	633.00
728	2	2411833	0.039	8.175	0.084	7.375	652	613.67
729	2	2412667	0.035	9.526	0.072	8.809	834	752.00
730	2	2413219	0.037	3.829	0.059	3.127	552	664.33
731	2	2413953	0.029	26.744	0.072	26.041	734	744.00
732	2	2414698	0.04	3.444	0.071	2.78	745	751.00
733	2	2415259	0.028	26.517	0.067	25.796	561	547.33
734	2	2415952	0.04	15.134	0.083	14.359	693	630.33
735	2	2416445	0.032	3.602	0.091	2.657	493	607.67
736	2	2417065	0.037	8.573	0.098	7.55	620	693.67
737	2	2417748	0.052	27.729	0.087	26.908	683	664.67
738	2	2418598	0.032	5.349	0.067	4.654	850	710.67
739	2	2419211	0.029	26.252	0.067	25.584	613	550.00
740	2	2419734	0.027	2.854	0.089	2.019	523	554.00
741	2	2420430	0.04	9.905	0.085	9.18	696	745.67
742	2	2420959	0.037	13.9	0.067	13.182	529	585.33
743	2	2421774	0.031	25.542	0.07	24.839	815	660.67
744	2	2422395	0.037	3.263	0.067	2.589	621	713.33
745	2	2422888	0.027	6.149	0.061	5.409	493	645.33
746	2	2423571	0.028	13.348	0.056	12.647	683	687.67
747	2	2424172	0.036	9.045	0.072	8.321	601	708.33
748	2	2424781	0.025	7.244	0.071	6.566	609	681.00
749	2	2425567	0.033	26.368	0.077	25.488	786	806.00
750	2	2425721	0.025	1.504	0.055	0.747	154	157.67
751	2	2426413	0.028	27.354	0.073	26.44	692	723.33
752	2	2427044	0.033	7.738	0.072	6.844	631	673.33
753	2	2427667	0.028	10.4	0.09	9.519	623	679.00
754	2	2428298	0.039	15.173	0.101	14.188	631	621.67
755	2	2428824	0.032	6.301	0.077	5.433	526	656.67
756	2	2429439	0.039	4.384	0.102	3.42	615	686.33
757	2	2430257	0.032	30.335	0.086	29.418	818	668.33
758	2	2430741	0.035	14.479	0.078	13.726	484	550.33
759	2	2431485	0.067	9.84	0.067	9.117	744	740.67
760	2	2432083	0.028	2.514	0.072	1.823	598	586.33
761	2	2432720	0.039	27.037	0.063	26.322	637	592.67
762	2	2433487	0.054	5.161	0.064	4.488	767	715.00
763	2	2434244	0.03	24.044	0.065	23.404	757	702.67
764	2	2434890	0.05	7.067	0.064	6.383	646	663.67
765	2	2435466	0.026	2.572	0.056	1.957	576	632.67
766	2	2436057	0.025	12.371	0.066	11.735	591	632.33
767	2	2436635	0.049	23.342	0.065	22.71	578	607.67
768	2	2437346	0.04	2.968	0.058	2.362	711	756.67
769	2	2438027	0.026	24.052	0.068	23.384	681	681.00
770	2	2438568	0.037	3.669	0.062	3.007	541	709.00
771	2	2439300	0.027	8.526	0.048	7.892	732	701.00
772	2	2439990	0.035	7.416	0.093	6.661	690	626.33
773	2	2440552	0.025	24.147	0.071	23.528	562	567.00
774	2	2441254	0.062	5.221	0.087	4.526	702	685.33
775	2	2441744	0.024	2.058	0.052	1.434	490	602.67
776	2	2442251	0.025	6.901	0.087	6.216	507	597.67
777	2	2443211	0.053	9.599	0.075	8.871	960	776.67
778	2	2443725	0.026	14.478	0.079	13.741	514	606.67
779	2	2444331	0.028	25.486	0.07	24.777	606	660.67
780	2	2444899	0.038	1.935	0.059	1.115	568	557.00
781	2	2445783	0.032	28.457	0.061	27.632	884	592.67
782	2	2446229	0.038	14.757	0.072	14.019	446	556.67
783	2	2446784	0.028	11.575	0.095	10.711	555	535.33
784	2	2447470	0.038	8.388	0.074	7.611	686	726.67
785	2	2448108	0.029	7.207	0.106	6.436	638	644.67
786	2	2448679	0.039	6.351	0.081	5.568	571	591.00
787	2	2449279	0.032	30.298	0.101	29.408	600	596.67
788	2	2449970	0.037	8.391	0.074	7.639	691	679.33
789	2	2450591	0.032	10.782	0.069	9.996	621	630.33
790	2	2451201	0.031	3.994	0.073	3.251	610	630.67
791	2	2452000	0.033	29.399	0.093	28.621	799	689.33
792	2	2452653	0.032	3.661	0.075	2.891	653	584.33
793	2	2453331	0.032	28.509	0.084	27.753	678	669.00
794	2	2454154	0.035	15.374	0.079	14.58	823	627.67
795	2	2454909	0.035	3.493	0.083	2.673	755	709.67
796	2	2455509	0.063	8.787	0.073	7.933	600	558.33
797	2	2456211	0.046	30.283	0.085	29.396	702	622.67
798	2	2457173	0.036	6.953	0.103	6.072	962	724.00
799	2	2457833	0.036	27.544	0.074	26.766	660	619.00
800	2	2458414	0.033	2.006	0.079	1.111	581	531.33
801	2	2458937	0.031	10.912	0.086	10.12	523	621.33
802	2	2459627	0.034	16.699	0.084	15.846	690	649.33
803	2	2460170	0.042	31.232	0.081	30.31	543	602.33
804	2	2461057	0.045	3.924	0.092	3.083	887	683.67
805	2	2461626	0.036	7.672	0.107	6.812	569	593.33
806	2	2462158	0.027	14.982	0.069	14.186	532	682.33
807	2	2462817	0.032	10.38	0.053	9.554	659	588.33
808	2	2463412	0.032	8.474	0.09	7.676	595	590.33
809	2	2464458	0.035	31.164	0.084	30.25	1046	722.00
810	2	2465075	0.038	2.541	0.084	1.694	617	645.33
811	2	2465576	0.035	31.385	0.081	30.417	501	645.00
812	2	2466232	0.037	8.665	0.084	7.826	656	657.00
813	2	2466856	0.037	11.841	0.086	10.964	624	657.67
814	2	2467370	0.032	16.832	0.077	15.928	514	640.67
815	2	2467996	0.036	7.75	0.105	6.879	626	639.33
816	2	2468574	0.037	4.478	0.092	3.531	578	613.00
817	2	2469161	0.039	32.386	0.085	31.455	587	630.33
818	2	2469757	0.038	16.901	0.107	15.8	596	629.33
819	2	2470445	0.034	11.485	0.082	10.633	688	703.33
820	2	2471032	0.043	3.319	0.088	2.353	587	592.00
821	2	2471733	0.039	29.784	0.086	28.939	701	599.67
822	2	2472298	0.034	6.314	0.068	5.499	565	666.33
823	2	2472856	0.028	29.463	0.101	28.608	558	646.33
824	2	2473470	0.038	8.343	0.097	7.576	614	673.67
825	2	2474005	0.028	1.573	0.067	0.909	535	629.33
826	2	2474675	0.034	15.74	0.101	14.841	670	611.67
827	2	2475198	0.039	27.618	0.07	26.85	523	577.67
828	2	2475844	0.031	3.78	0.078	2.938	646	660.67
829	2	2476680	0.035	30.878	0.084	29.978	836	642.33
830	2	2477240	0.036	4.446	0.073	3.628	560	595.67
831	2	2477965	0.037	11.686	0.089	10.808	725	734.33
832	2	2478518	0.037	9.221	0.079	8.321	553	625.33
833	2	2479308	0.047	26.903	0.06	26.176	790	627.67
834	2	2479856	0.037	5.822	0.093	5.066	548	547.67
835	2	2480685	0.027	6.279	0.078	5.523	829	642.67
836	2	2481241	0.032	8.259	0.092	7.295	556	547.67
837	2	2481869	0.034	10.24	0.104	9.29	628	707.00
838	2	2482579	0.034	15.933	0.089	14.899	710	644.00
839	2	2483045	0.034	31.754	0.085	30.897	466	603.67
840	2	2483738	0.038	2.141	0.081	1.271	693	644.33
841	2	2484380	0.033	28.902	0.075	28.113	642	584.00
842	2	2484971	0.046	16.216	0.093	15.38	591	648.00
843	2	2485539	0.044	11.708	0.09	10.853	568	569.67
844	2	2486147	0.034	8.819	0.084	8.036	608	598.00
845	2	2486685	0.028	7.481	0.08	6.633	538	579.67
846	2	2487339	0.046	6.612	0.082	5.743	654	640.00
847	2	2487967	0.034	28.457	0.074	27.697	628	602.00
848	2	2488713	0.04	7.412	0.065	6.694	746	656.33
849	2	2489324	0.028	10.064	0.077	9.368	611	624.00
850	2	2489789	0.038	1.719	0.08	1.024	465	555.00
851	2	2490514	0.029	24.663	0.051	24.017	725	717.67
852	2	2491169	0.041	3.644	0.068	2.909	655	676.33
853	2	2491707	0.028	25.583	0.07	24.901	538	561.33
854	2	2492255	0.038	13.48	0.071	12.801	548	571.33
855	2	2492924	0.038	3.202	0.07	2.463	669	668.00
856	2	2493577	0.033	8.179	0.087	7.406	653	608.00
857	2	2494273	0.037	23.873	0.068	23.228	696	616.33
858	2	2494864	0.036	4.838	0.065	4.21	591	553.00
859	2	2495488	0.026	23.598	0.068	22.938	624	606.33
860	2	2496040	0.035	2.202	0.056	1.598	552	582.33
861	2	2496520	0.024	8.508	0.067	7.869	480	520.00
862	2	2497201	0.026	12.013	0.055	11.396	681	583.00
863	2	2497827	0.035	23.001	0.064	22.373	626	608.67
864	2	2498474	0.037	2.988	0.054	2.377	647	636.67
865	2	2499080	0.026	5.47	0.055	4.82	606	599.67
866	2	2499820	0.027	12.059	0.063	11.417	740	629.67
867	2	2500512	0.037	8.314	0.055	7.721	692	658.33
868	2	2501242	0.026	7.524	0.065	6.846	730	656.33
869	2	2501801	0.034	29.748	0.085	28.964	559	634.33
870	2	2502697	0.031	2.025	0.065	1.357	896	696.33
871	2	2503285	0.027	25.05	0.052	24.376	588	610.33
872	2	2503896	0.028	7.211	0.063	6.553	611	641.33
873	2	2504405	0.027	8.971	0.071	8.294	509	610.33
874	2	2505070	0.036	12.429	0.06	11.809	665	647.67
875	2	2505704	0.036	1.3	0.056	0.704	634	577.33
876	2	2506339	0.026	2.95	0.066	2.336	635	649.00
877	2	2507043	0.027	23.033	0.059	22.409	704	636.00
878	2	2507491	0.034	11.985	0.055	11.389	448	537.00
879	2	2508026	0.035	8.417	0.065	7.796	535	631.00
880	2	2508561	0.025	2.259	0.051	1.645	535	589.00
881	2	2509325	0.039	23.213	0.072	22.573	764	645.00
882	2	2509930	0.036	4.862	0.048	4.246	605	579.00
883	2	2510521	0.025	22.993	0.057	22.379	591	557.67
884	2	2511171	0.05	6.642	0.068	6.013	650	645.67
885	2	2511897	0.028	2.721	0.067	2.097	726	648.00
886	2	2512519	0.028	12.031	0.064	11.43	622	655.00
887	2	2512991	0.034	23.089	0.064	22.481	472	556.67
888	2	2513737	0.052	2.945	0.072	2.33	746	615.33
889	2	2514246	0.025	23.025	0.07	22.452	509	588.67
890	2	2514939	0.036	3.385	0.067	2.741	693	649.00
891	2	2515481	0.035	8.432	0.067	7.802	542	615.67
892	2	2516074	0.035	6.618	0.073	6.006	593	673.33
893	2	2516766	0.027	24.815	0.073	24.182	692	634.00
894	2	2517371	0.039	5.414	0.06	4.755	605	724.33
895	2	2518083	0.03	6.135	0.069	5.455	712	694.67
896	2	2518566	0.028	7.759	0.071	7.103	483	512.00
897	2	2519176	0.03	9.3	0.064	8.607	610	579.67
898	2	2519763	0.048	12.591	0.06	11.955	587	625.33
899	2	2520233	0.033	25.433	0.068	24.746	470	589.33
900	2	2520650	0.035	1.359	0.067	0.684	417	404.00
901	2	2521154	0.024	27.018	0.092	26.284	504	590.00
902	2	2521790	0.056	14.44	0.078	13.702	636	639.00
903	2	2522341	0.039	11.518	0.076	10.629	551	617.67
904	2	2523033	0.044	9.468	0.09	8.503	692	600.33
905	2	2523644	0.039	6.667	0.067	5.944	611	540.67
906	2	2524272	0.051	6.055	0.076	5.221	628	660.67
907	2	2524938	0.038	31.241	0.08	30.389	666	591.67
908	2	2525708	0.031	8.199	0.073	7.455	770	620.33
909	2	2526522	0.033	10.447	0.082	9.671	814	713.33
910	2	2527060	0.043	4.921	0.088	4.016	538	614.33
911	2	2527675	0.03	28.195	0.087	27.436	615	713.67
912	2	2528375	0.032	3.714	0.084	2.937	700	603.33
913	2	2528924	0.03	25.849	0.06	25.155	549	606.33
914	2	2529669	0.031	13.438	0.068	12.757	745	709.00
915	2	2530202	0.028	2.84	0.07	2.18	533	560.00
916	2	2530770	0.028	7.78	0.074	7.082	568	600.00
917	2	2531228	0.027	25.909	0.071	25.219	458	529.33
918	2	2531821	0.028	5.377	0.064	4.712	593	632.67
919	2	2532460	0.03	25.713	0.079	25.013	639	608.00
920	2	2533108	0.029	2.42	0.073	1.76	648	623.33
921	2	2533955	0.03	9.105	0.07	8.451	847	696.33
922	2	2534849	0.039	13.292	0.072	12.575	894	729.67
923	2	2535507	0.038	24.251	0.076	23.593	658	610.33
924	2	2536126	0.04	3.19	0.056	2.527	619	703.33
925	2	2536802	0.027	2.276	0.072	1.526	676	682.33
926	2	2537362	0.028	13.717	0.077	13.029	560	568.00
927	2	2538031	0.04	10.572	0.076	9.818	669	705.00
928	2	2538735	0.031	8.5	0.072	7.685	704	611.67
929	2	2539422	0.032	25.065	0.073	24.401	687	637.33
930	2	2540033	0.036	1.92	0.058	1.277	611	638.00
931	2	2540762	0.029	23.979	0.064	23.356	729	677.00
932	2	2541355	0.036	6.592	0.061	5.977	593	622.00
933	2	2541934	0.026	8.777	0.067	8.151	579	770.00
934	2	2542532	0.028	13.13	0.084	12.447	598	602.67
935	2	2543176	0.036	5.865	0.073	5.236	644	592.67
936	2	2543809	0.026	2.953	0.055	2.356	633	614.00
937	2	2544332	0.025	23.601	0.066	22.982	523	678.33
938	2	2545171	0.055	12.709	0.066	12.054	839	681.33
939	2	2545644	0.034	8.892	0.062	8.244	473	516.67
940	2	2546193	0.029	2.533	0.081	1.845	549	533.67
941	2	2546707	0.035	23.933	0.06	23.314	514	670.00
942	2	2547426	0.055	5.463	0.064	4.769	719	669.67
943	2	2548048	0.027	23.086	0.051	22.47	622	657.33
944	2	2548597	0.051	7.012	0.09	6.309	549	593.00
945	2	2549163	0.025	2.726	0.056	2.099	566	616.33
946	2	2549945	0.027	12.148	0.054	11.54	782	708.33
947	2	2550562	0.036	23.857	0.063	23.168	617	655.67
948	2	2551362	0.037	2.991	0.061	2.384	800	710.67
949	2	2551893	0.025	26.532	0.071	25.857	531	572.67
950	2	2552506	0.039	1.861	0.076	1.13	613	554.67
951	2	2553189	0.029	9.298	0.076	8.626	683	679.00
952	2	2553819	0.056	9.095	0.094	8.226	630	638.33
953	2	2554524	0.036	28.653	0.08	27.871	705	649.00
954	2	2555113	0.05	5.957	0.078	5.177	589	616.00
955	2	2555725	0.029	6.94	0.073	6.177	612	670.00
956	2	2556245	0.033	8.379	0.071	7.591	520	586.67
957	2	2556883	0.034	10.778	0.077	10.024	638	629.00
958	2	2557394	0.032	15.847	0.106	14.982	511	676.33
959	2	2558064	0.041	30.716	0.086	29.897	670	577.33
960	2	2558748	0.047	2.086	0.09	1.238	684	581.33
961	2	2559443	0.038	30.292	0.084	29.439	695	728.00
962	2	2560244	0.058	15.786	0.075	14.952	801	616.67
963	2	2560884	0.029	10.299	0.076	9.547	640	716.33
964	2	2561515	0.031	8.396	0.072	7.633	631	554.33
965	2	2562233	0.031	7.089	0.078	6.3	718	694.67
966	2	2562955	0.047	5.555	0.072	4.875	722	651.33
967	2	2563571	0.028	26.663	0.061	25.937	616	612.67
968	2	2564024	0.057	7.325	0.067	6.651	453	646.67
969	2	2564607	0.028	9.924	0.096	9.159	583	687.67
970	2	2565153	0.049	3.781	0.076	3.028	546	583.67
971	2	2565964	0.029	28.043	0.077	27.287	811	683.33
972	2	2566447	0.031	4.247	0.073	3.354	483	582.33
973	2	2567040	0.034	29.67	0.084	28.871	593	679.33
974	2	2567729	0.083	16.134	0.074	15.349	689	617.67
975	2	2568354	0.034	1.806	0.07	1.058	625	597.33
976	2	2568967	0.029	8.008	0.092	7.264	613	629.00
977	2	2569579	0.03	29.466	0.082	28.67	612	599.33
978	2	2570165	0.03	5.477	0.071	4.786	586	570.00
979	2	2570720	0.027	25.987	0.067	25.284	555	619.67
980	2	2571460	0.03	2.454	0.07	1.789	740	597.67
981	2	2572196	0.029	8.902	0.063	8.266	736	656.00
982	2	2573527	0.055	12.614	0.056	11.984	1331	809.67
983	2	2574118	0.05	24.098	0.058	23.464	591	579.33
984	2	2574704	0.027	3.414	0.059	2.736	586	609.33
985	2	2575332	0.026	5.615	0.075	4.983	628	638.00
986	2	2576114	0.029	12.601	0.058	11.942	782	776.00
987	2	2576834	0.037	9.363	0.076	8.696	720	612.33
988	2	2577378	0.025	6.753	0.061	6.11	544	646.00
989	2	2577977	0.05	24.089	0.066	23.461	599	574.00
990	2	2578715	0.049	2.228	0.071	1.444	738	602.67
991	2	2579251	0.027	26.11	0.068	25.432	536	534.00
992	2	2579780	0.028	7.52	0.082	6.822	529	910.00
993	2	2580372	0.056	9.641	0.07	8.932	592	665.67
994	2	2580899	0.037	14.836	0.075	14.068	527	647.00
995	2	2581617	0.03	6.123	0.072	5.428	718	677.00
996	2	2582159	0.026	3.178	0.055	2.538	542	536.33
997	2	2582669	0.024	26.011	0.056	25.318	510	710.00
998	2	2583195	0.035	12.72	0.065	12.096	526	564.00
999	2	2583930	0.052	8.506	0.061	7.893	735	604.67
1000	2	2584187	0.02	1.196	0.061	0.588	257	259.67
1001	2	2584775	0.025	24.014	0.064	23.358	588	632.67
1002	2	2585299	0.047	4.814	0.06	4.21	524	576.33
1003	2	2585890	0.025	23.692	0.06	23.053	591	672.33
1004	2	2586631	0.039	6.697	0.061	6.061	741	658.00
1005	2	2587393	0.028	2.682	0.076	2.071	762	691.67
1006	2	2587916	0.025	12.827	0.053	12.213	523	645.00
1007	2	2588822	0.052	24.443	0.054	23.791	906	807.33
1008	2	2589380	0.037	4.248	0.094	3.314	558	619.67
1009	2	2590312	0.03	28.96	0.081	28.127	932	734.33
1010	2	2590949	0.061	4.263	0.083	3.394	637	597.67
1011	2	2591596	0.028	9.589	0.059	8.876	647	694.67
1012	2	2592095	0.036	8.286	0.092	7.43	499	607.00
1013	2	2592705	0.029	27.924	0.072	27.19	610	559.67
1014	2	2593226	0.027	5.529	0.076	4.797	521	682.33
1015	2	2593916	0.03	6.444	0.072	5.737	690	720.33
1016	2	2594426	0.028	8.224	0.093	7.466	510	744.33
1017	2	2594959	0.037	10.625	0.077	9.815	533	563.00
1018	2	2595717	0.045	14.138	0.065	13.391	758	695.67
1019	2	2596516	0.04	26.941	0.084	26.026	799	605.33
1020	2	2597150	0.029	1.713	0.086	0.996	634	584.00
1021	2	2597662	0.028	25.324	0.068	24.673	512	635.67
1022	2	2598336	0.038	12.953	0.072	12.198	674	653.33
1023	2	2598959	0.036	9.064	0.058	8.436	623	679.33
1024	2	2599584	0.027	7.079	0.068	6.431	625	664.33
